"GEO_ID","NAME","B14007_001E","B14007_001M","B14007_002E","B14007_002M","B14007_003E","B14007_003M","B14007_004E","B14007_004M","B14007_005E","B14007_005M","B14007_006E","B14007_006M","B14007_007E","B14007_007M","B14007_008E","B14007_008M","B14007_009E","B14007_009M","B14007_010E","B14007_010M","B14007_011E","B14007_011M","B14007_012E","B14007_012M","B14007_013E","B14007_013M","B14007_014E","B14007_014M","B14007_015E","B14007_015M","B14007_016E","B14007_016M","B14007_017E","B14007_017M","B14007_018E","B14007_018M","B14007_019E","B14007_019M"
"id","Geographic Area Name","Estimate!!Total:","Margin of Error!!Total:","Estimate!!Total:!!Enrolled in school:","Margin of Error!!Total:!!Enrolled in school:","Estimate!!Total:!!Enrolled in school:!!Enrolled in nursery school, preschool","Margin of Error!!Total:!!Enrolled in school:!!Enrolled in nursery school, preschool","Estimate!!Total:!!Enrolled in school:!!Enrolled in kindergarten","Margin of Error!!Total:!!Enrolled in school:!!Enrolled in kindergarten","Estimate!!Total:!!Enrolled in school:!!Enrolled in grade 1","Margin of Error!!Total:!!Enrolled in school:!!Enrolled in grade 1","Estimate!!Total:!!Enrolled in school:!!Enrolled in grade 2","Margin of Error!!Total:!!Enrolled in school:!!Enrolled in grade 2","Estimate!!Total:!!Enrolled in school:!!Enrolled in grade 3","Margin of Error!!Total:!!Enrolled in school:!!Enrolled in grade 3","Estimate!!Total:!!Enrolled in school:!!Enrolled in grade 4","Margin of Error!!Total:!!Enrolled in school:!!Enrolled in grade 4","Estimate!!Total:!!Enrolled in school:!!Enrolled in grade 5","Margin of Error!!Total:!!Enrolled in school:!!Enrolled in grade 5","Estimate!!Total:!!Enrolled in school:!!Enrolled in grade 6","Margin of Error!!Total:!!Enrolled in school:!!Enrolled in grade 6","Estimate!!Total:!!Enrolled in school:!!Enrolled in grade 7","Margin of Error!!Total:!!Enrolled in school:!!Enrolled in grade 7","Estimate!!Total:!!Enrolled in school:!!Enrolled in grade 8","Margin of Error!!Total:!!Enrolled in school:!!Enrolled in grade 8","Estimate!!Total:!!Enrolled in school:!!Enrolled in grade 9","Margin of Error!!Total:!!Enrolled in school:!!Enrolled in grade 9","Estimate!!Total:!!Enrolled in school:!!Enrolled in grade 10","Margin of Error!!Total:!!Enrolled in school:!!Enrolled in grade 10","Estimate!!Total:!!Enrolled in school:!!Enrolled in grade 11","Margin of Error!!Total:!!Enrolled in school:!!Enrolled in grade 11","Estimate!!Total:!!Enrolled in school:!!Enrolled in grade 12","Margin of Error!!Total:!!Enrolled in school:!!Enrolled in grade 12","Estimate!!Total:!!Enrolled in school:!!Enrolled in college, undergraduate years","Margin of Error!!Total:!!Enrolled in school:!!Enrolled in college, undergraduate years","Estimate!!Total:!!Enrolled in school:!!Graduate or professional school","Margin of Error!!Total:!!Enrolled in school:!!Graduate or professional school","Estimate!!Total:!!Not enrolled in school","Margin of Error!!Total:!!Not enrolled in school"
"1500000US550250001001","Block Group 1, Census Tract 1, Dane County, Wisconsin","903","203","209","150","30","33","10","19","0","9","0","9","11","19","0","9","0","9","0","9","0","9","9","14","11","17","10","15","19","23","10","17","62","83","37","23","694","111"
"1500000US550250001002","Block Group 2, Census Tract 1, Dane County, Wisconsin","1570","206","378","146","0","9","40","41","9","14","0","9","0","9","0","9","9","13","0","9","32","39","13","20","0","9","0","9","12","19","9","16","81","55","173","120","1192","152"
"1500000US550250002011","Block Group 1, Census Tract 2.01, Dane County, Wisconsin","1238","136","260","107","29","23","8","12","18","21","30","29","18","19","0","9","11","15","8","12","18","19","11","15","4","7","20","18","0","9","6","10","63","55","16","17","978","93"
"1500000US550250002012","Block Group 2, Census Tract 2.01, Dane County, Wisconsin","787","94","118","49","21","23","0","9","0","9","0","9","9","14","7","11","0","9","0","9","8","15","0","9","8","12","15","17","7","11","8","12","11","13","24","21","669","81"
"1500000US550250002021","Block Group 1, Census Tract 2.02, Dane County, Wisconsin","1061","113","164","53","22","23","18","21","0","9","0","9","10","15","0","9","11","11","0","9","19","20","4","7","9","15","19","18","13","15","11","17","28","22","0","9","897","97"
"1500000US550250002022","Block Group 2, Census Tract 2.02, Dane County, Wisconsin","2065","211","544","155","13","15","24","29","3","6","0","9","21","21","6","11","38","41","33","27","17","17","15","18","0","9","13","12","43","32","12","14","151","104","155","77","1521","127"
"1500000US550250002041","Block Group 1, Census Tract 2.04, Dane County, Wisconsin","1223","405","340","232","24","26","0","9","53","73","23","25","9","17","0","9","18","29","18","29","62","72","22","37","9","14","24","40","20","31","0","9","58","80","0","9","883","262"
"1500000US550250002042","Block Group 2, Census Tract 2.04, Dane County, Wisconsin","1388","270","261","138","31","35","0","9","15","25","41","45","15","26","0","9","41","45","0","9","0","9","20","31","0","9","0","9","0","9","0","9","34","43","64","45","1127","177"
"1500000US550250002043","Block Group 3, Census Tract 2.04, Dane County, Wisconsin","2817","453","593","240","99","99","34","39","0","9","53","67","19","31","0","9","43","65","0","9","9","16","26","29","0","9","23","28","0","9","0","9","35","39","252","210","2224","365"
"1500000US550250002051","Block Group 1, Census Tract 2.05, Dane County, Wisconsin","2525","295","520","152","21","26","9","16","18","18","17","19","34","34","72","77","35","34","19","24","26","42","54","39","20","23","24","23","31","29","31","32","60","52","49","42","2005","235"
"1500000US550250002052","Block Group 2, Census Tract 2.05, Dane County, Wisconsin","1208","248","241","116","10","17","17","22","34","33","26","32","10","16","6","11","33","32","0","9","5","11","6","12","6","11","38","43","4","9","12","20","20","24","14","21","967","190"
"1500000US550250002053","Block Group 3, Census Tract 2.05, Dane County, Wisconsin","1190","223","184","107","14","21","0","9","11","18","0","9","11","18","0","9","0","9","0","9","0","9","0","9","0","9","13","20","12","20","13","22","61","69","49","50","1006","176"
"1500000US550250003001","Block Group 1, Census Tract 3, Dane County, Wisconsin","2465","287","921","278","23","26","12","21","13","21","0","9","33","54","14","21","0","9","0","9","0","9","0","9","14","22","0","9","0","9","0","9","126","84","686","251","1544","209"
"1500000US550250003002","Block Group 2, Census Tract 3, Dane County, Wisconsin","1100","259","310","120","0","9","18","28","0","9","48","42","57","41","0","9","39","39","21","32","13","20","18","25","34","29","0","9","0","9","0","9","62","68","0","9","790","168"
"1500000US550250003003","Block Group 3, Census Tract 3, Dane County, Wisconsin","1185","263","400","163","14","23","18","27","0","9","53","62","0","9","0","9","41","45","48","38","45","69","76","52","18","30","13","22","59","48","0","9","0","9","15","23","785","144"
"1500000US550250003004","Block Group 4, Census Tract 3, Dane County, Wisconsin","1062","245","332","132","26","42","19","28","0","9","0","9","0","9","0","9","0","9","0","9","17","27","0","9","0","9","0","9","0","9","0","9","56","72","214","104","730","196"
"1500000US550250004011","Block Group 1, Census Tract 4.01, Dane County, Wisconsin","2217","222","585","137","23","21","25","23","16","17","18","21","25","24","17","18","19","19","19","23","27","24","8","13","43","35","8","12","20","21","69","39","116","60","132","57","1632","161"
"1500000US550250004012","Block Group 2, Census Tract 4.01, Dane County, Wisconsin","990","144","243","96","21","19","10","15","16","18","0","9","47","33","0","9","10","16","36","31","16","18","10","16","22","23","9","14","0","9","25","24","13","19","8","13","747","89"
"1500000US550250004021","Block Group 1, Census Tract 4.02, Dane County, Wisconsin","1214","152","290","110","10","15","27","24","8","14","9","14","18","20","20","20","0","9","25","40","33","42","0","9","0","9","25","38","17","18","15","16","63","57","20","22","924","98"
"1500000US550250004022","Block Group 2, Census Tract 4.02, Dane County, Wisconsin","1348","158","333","100","37","30","38","28","9","14","19","21","9","14","34","29","36","28","0","9","17","18","0","9","15","17","38","31","18","27","16","25","20","21","27","24","1015","116"
"1500000US550250004051","Block Group 1, Census Tract 4.05, Dane County, Wisconsin","867","275","195","98","0","9","0","9","21","33","0","9","0","9","0","9","28","45","0","9","0","9","16","26","0","9","14","25","0","9","0","9","73","56","43","43","672","245"
"1500000US550250004052","Block Group 2, Census Tract 4.05, Dane County, Wisconsin","1052","296","155","98","0","9","0","9","0","9","0","9","0","9","0","9","23","37","0","9","0","9","22","37","25","39","0","9","0","9","0","9","72","69","13","19","897","263"
"1500000US550250004053","Block Group 3, Census Tract 4.05, Dane County, Wisconsin","1995","340","417","195","70","58","0","9","15","20","29","44","16","27","0","9","0","9","17","28","18","29","0","9","12","19","0","9","18","29","64","81","44","39","114","127","1578","255"
"1500000US550250004054","Block Group 4, Census Tract 4.05, Dane County, Wisconsin","2779","455","839","276","78","72","68","71","15","26","0","9","48","59","24","36","24","36","25","37","24","36","43","63","39","42","46","60","92","71","112","122","162","86","39","48","1940","408"
"1500000US550250004061","Block Group 1, Census Tract 4.06, Dane County, Wisconsin","3168","236","473","108","33","24","31","26","8","14","42","28","0","9","19","20","30","28","0","9","34","27","43","32","0","9","18","22","0","9","12","18","117","64","86","47","2695","234"
"1500000US550250004071","Block Group 1, Census Tract 4.07, Dane County, Wisconsin","1507","355","325","150","14","22","48","44","0","9","38","49","0","9","0","9","15","24","15","25","0","9","0","9","24","34","10","16","0","9","29","36","117","134","15","22","1182","286"
"1500000US550250004072","Block Group 2, Census Tract 4.07, Dane County, Wisconsin","1860","461","623","323","170","122","89","68","72","98","0","9","15","25","68","72","95","102","19","35","0","9","43","51","0","9","0","9","37","42","0","9","15","24","0","9","1237","231"
"1500000US550250004073","Block Group 3, Census Tract 4.07, Dane County, Wisconsin","1252","240","202","111","0","9","0","9","13","23","0","9","12","19","0","9","32","40","0","9","32","40","0","9","8","16","0","9","9","16","6","13","68","99","22","29","1050","207"
"1500000US550250004074","Block Group 4, Census Tract 4.07, Dane County, Wisconsin","723","251","134","93","0","9","0","9","0","9","0","9","16","25","3","15","16","25","28","34","31","34","4","14","0","9","0","9","0","9","0","9","36","37","0","9","589","211"
"1500000US550250004081","Block Group 1, Census Tract 4.08, Dane County, Wisconsin","1325","135","94","59","11","13","0","9","4","8","5","7","0","9","0","9","0","9","0","9","0","9","0","9","0","9","0","9","0","9","0","9","25","29","49","48","1231","146"
"1500000US550250004082","Block Group 2, Census Tract 4.08, Dane County, Wisconsin","510","91","58","46","0","9","0","9","0","9","0","9","0","9","0","9","0","9","0","9","0","9","0","9","5","8","0","9","0","9","0","9","43","37","10","17","452","81"
"1500000US550250005011","Block Group 1, Census Tract 5.01, Dane County, Wisconsin","1439","271","268","157","34","41","0","9","48","45","0","9","31","41","7","17","17","28","0","9","0","9","14","22","60","73","0","9","0","9","12","19","0","9","45","43","1171","200"
"1500000US550250005012","Block Group 2, Census Tract 5.01, Dane County, Wisconsin","687","301","296","257","6","16","62","67","16","25","0","9","0","9","16","26","13","22","43","64","0","9","12","22","45","66","11","20","0","9","18","25","35","51","19","22","391","115"
"1500000US550250005013","Block Group 3, Census Tract 5.01, Dane County, Wisconsin","849","272","61","50","0","9","0","9","0","9","0","9","9","15","0","9","0","9","0","9","10","18","0","9","0","9","0","9","0","9","14","25","22","28","6","18","788","264"
"1500000US550250005014","Block Group 4, Census Tract 5.01, Dane County, Wisconsin","1197","336","188","156","56","56","56","53","42","56","16","25","11","24","0","9","0","9","0","9","0","9","0","9","0","9","0","9","0","9","0","9","7","11","0","9","1009","255"
"1500000US550250005031","Block Group 1, Census Tract 5.03, Dane County, Wisconsin","346","139","56","47","19","31","0","9","10","26","0","9","0","9","0","9","0","9","19","32","8","16","0","9","0","9","0","9","0","9","0","9","0","9","0","9","290","102"
"1500000US550250005032","Block Group 2, Census Tract 5.03, Dane County, Wisconsin","1644","391","503","226","0","9","0","9","26","38","13","21","0","9","12","21","13","21","0","9","57","66","49","65","74","53","9","20","76","54","22","30","100","73","52","58","1141","234"
"1500000US550250005033","Block Group 3, Census Tract 5.03, Dane County, Wisconsin","1979","347","296","108","16","26","36","37","0","9","45","53","0","9","0","9","3","10","27","44","3","11","0","9","11","18","72","96","40","47","17","25","26","43","0","9","1683","317"
"1500000US550250005034","Block Group 4, Census Tract 5.03, Dane County, Wisconsin","598","205","188","116","34","39","53","47","0","9","0","9","0","9","0","9","0","9","0","9","0","9","44","45","0","9","23","33","21","33","0","9","13","20","0","9","410","117"
"1500000US550250005035","Block Group 5, Census Tract 5.03, Dane County, Wisconsin","2128","417","664","248","132","114","0","9","19","31","8","16","19","34","21","37","0","9","83","87","44","67","0","9","53","71","76","72","0","9","63","86","41","46","105","101","1464","281"
"1500000US550250005041","Block Group 1, Census Tract 5.04, Dane County, Wisconsin","1241","266","251","130","27","32","23","28","14","22","69","76","14","23","0","9","0","9","49","44","8","15","21","32","0","9","0","9","7","15","0","9","19","31","0","9","990","172"
"1500000US550250005042","Block Group 2, Census Tract 5.04, Dane County, Wisconsin","1343","344","242","127","30","38","0","9","0","9","0","9","0","9","18","28","0","9","0","9","0","9","0","9","18","28","24","31","16","24","13","20","59","62","64","79","1101","319"
"1500000US550250005043","Block Group 3, Census Tract 5.04, Dane County, Wisconsin","2912","436","912","338","106","80","30","31","0","9","66","74","86","99","38","31","0","9","12","19","49","69","25","27","65","74","36","40","29","31","0","9","325","216","45","58","2000","272"
"1500000US550250005044","Block Group 4, Census Tract 5.04, Dane County, Wisconsin","1346","330","382","201","19","25","0","9","59","70","0","9","56","69","29","31","62","58","22","32","21","21","21","28","0","9","0","9","0","9","35","55","42","51","16","28","964","191"
"1500000US550250006001","Block Group 1, Census Tract 6, Dane County, Wisconsin","2156","676","906","437","44","58","6","13","0","9","0","9","134","110","10","17","58","74","56","60","178","132","68","77","140","100","27","35","57","47","23","22","74","66","31","34","1250","345"
"1500000US550250006002","Block Group 2, Census Tract 6, Dane County, Wisconsin","2254","602","644","373","154","143","0","9","0","9","43","67","0","9","95","107","50","54","97","111","26","45","0","9","0","9","0","9","21","36","0","9","125","114","33","36","1610","485"
"1500000US550250006003","Block Group 3, Census Tract 6, Dane County, Wisconsin","1400","542","467","336","52","60","28","44","21","37","29","44","0","9","58","77","8","16","115","125","0","9","0","9","0","9","19","32","45","72","48","70","23","41","21","35","933","286"
"1500000US550250007001","Block Group 1, Census Tract 7, Dane County, Wisconsin","769","165","195","92","22","24","13","20","6","9","13","19","12","14","0","9","25","23","6","11","12","13","6","11","23","27","18","28","5","9","6","10","14","22","14","16","574","114"
"1500000US550250007002","Block Group 2, Census Tract 7, Dane County, Wisconsin","1023","172","193","97","22","24","0","9","0","9","0","9","36","37","15","20","0","9","22","23","5","10","0","9","0","9","0","9","0","9","26","29","42","40","25","29","830","138"
"1500000US550250007003","Block Group 3, Census Tract 7, Dane County, Wisconsin","1189","161","299","97","28","40","0","9","0","9","30","30","12","14","22","31","34","28","20","22","21","19","0","9","13","14","27","29","6","10","12","19","34","38","40","43","890","117"
"1500000US550250008001","Block Group 1, Census Tract 8, Dane County, Wisconsin","1275","150","592","111","0","9","0","9","12","18","0","9","0","9","0","9","12","17","0","9","11","17","8","12","0","9","0","9","0","9","13","20","175","101","361","92","683","125"
"1500000US550250008002","Block Group 2, Census Tract 8, Dane County, Wisconsin","1285","170","318","111","31","28","9","14","22","21","19","20","0","9","20","23","36","28","17","19","17","20","15","18","17","19","43","28","8","13","25","18","23","17","16","14","967","113"
"1500000US550250008003","Block Group 3, Census Tract 8, Dane County, Wisconsin","1150","161","257","77","8","13","13","17","8","13","29","24","16","18","0","9","28","22","8","12","11","14","0","9","10","13","10","14","0","9","7","11","76","43","33","22","893","121"
"1500000US550250009011","Block Group 1, Census Tract 9.01, Dane County, Wisconsin","1133","99","357","62","53","28","21","16","22","15","9","10","5","9","16","14","11","11","12","13","12","12","32","21","13","14","19","16","35","21","41","23","48","32","8","12","776","66"
"1500000US550250009012","Block Group 2, Census Tract 9.01, Dane County, Wisconsin","1039","113","337","72","24","18","4","7","25","20","19","12","32","30","6","8","33","18","12","14","5","7","13","12","0","9","0","9","19","22","12","13","57","32","76","37","702","76"
"1500000US550250009021","Block Group 1, Census Tract 9.02, Dane County, Wisconsin","1286","371","1006","388","0","9","0","9","0","9","10","16","0","9","11","16","0","9","0","9","17","27","0","9","14","20","0","9","13","19","0","9","709","348","232","204","280","120"
"1500000US550250009022","Block Group 2, Census Tract 9.02, Dane County, Wisconsin","930","202","379","112","0","9","0","9","12","20","16","24","32","46","12","20","33","46","24","18","0","9","0","9","0","9","0","9","16","25","0","9","147","84","87","69","551","136"
"1500000US550250009023","Block Group 3, Census Tract 9.02, Dane County, Wisconsin","2235","430","1498","462","0","9","0","9","0","9","0","9","0","9","0","9","0","9","28","39","0","9","36","40","0","9","20","22","0","9","23","32","345","198","1046","439","737","177"
"1500000US550250009024","Block Group 4, Census Tract 9.02, Dane County, Wisconsin","1438","246","465","146","0","9","0","9","0","9","0","9","14","23","10","17","0","9","34","33","25","31","21","26","10","16","51","45","0","9","23","25","62","49","215","91","973","162"
"1500000US550250010001","Block Group 1, Census Tract 10, Dane County, Wisconsin","1524","208","762","210","6","9","16","17","7","10","3","5","15","11","31","22","28","19","11","11","14","14","16","11","13","14","17","11","17","19","11","15","524","196","33","23","762","75"
"1500000US550250010002","Block Group 2, Census Tract 10, Dane County, Wisconsin","996","107","244","60","22","22","10","14","9","13","0","9","15","16","0","9","20","17","0","9","3","6","12","12","10","12","10","11","4","8","18","13","86","39","25","19","752","72"
"1500000US550250011011","Block Group 1, Census Tract 11.01, Dane County, Wisconsin","2416","417","2083","372","0","9","0","9","0","9","0","9","0","9","0","9","0","9","0","9","0","9","0","9","0","9","0","9","0","9","13","17","1969","380","101","85","333","143"
"1500000US550250011012","Block Group 2, Census Tract 11.01, Dane County, Wisconsin","2674","397","2346","373","0","9","0","9","0","9","0","9","0","9","0","9","0","9","0","9","0","9","0","9","0","9","0","9","0","9","0","9","2136","362","210","105","328","150"
"1500000US550250011021","Block Group 1, Census Tract 11.02, Dane County, Wisconsin","933","207","909","219","0","9","0","9","0","9","0","9","0","9","0","9","0","9","0","9","0","9","0","9","0","9","0","9","0","9","0","9","909","219","0","9","24","30"
"1500000US550250011022","Block Group 2, Census Tract 11.02, Dane County, Wisconsin","2782","223","2782","223","0","9","0","9","0","9","0","9","0","9","0","9","0","9","0","9","0","9","0","9","0","9","0","9","0","9","0","9","2770","226","12","16","0","9"
"1500000US550250012001","Block Group 1, Census Tract 12, Dane County, Wisconsin","847","213","224","123","5","10","12","19","20","24","0","9","0","9","0","9","0","9","0","9","0","9","0","9","0","9","0","9","0","9","0","9","91","97","96","64","623","214"
"1500000US550250012002","Block Group 2, Census Tract 12, Dane County, Wisconsin","1335","506","558","396","8","13","0","9","0","9","15","23","10","16","0","9","0","9","0","9","0","9","0","9","0","9","0","9","0","9","0","9","327","335","198","148","777","237"
"1500000US550250012003","Block Group 3, Census Tract 12, Dane County, Wisconsin","2238","545","1276","501","0","9","19","23","0","9","10","17","20","24","0","9","10","17","31","26","0","9","62","46","49","48","0","9","23","27","64","91","850","487","138","90","962","232"
"1500000US550250012004","Block Group 4, Census Tract 12, Dane County, Wisconsin","2055","379","1105","347","11","18","5","10","12","21","0","9","5","10","0","9","12","20","0","9","0","9","0","9","5","10","0","9","0","9","0","9","689","331","366","163","950","186"
"1500000US550250013001","Block Group 1, Census Tract 13, Dane County, Wisconsin","1784","193","390","82","35","24","12","13","6","10","68","57","11","14","39","26","10","15","8","12","21","18","24","27","14","17","0","9","13","16","22","18","47","47","60","40","1394","193"
"1500000US550250013002","Block Group 2, Census Tract 13, Dane County, Wisconsin","693","133","174","72","0","9","0","9","11","17","11","17","0","9","11","17","0","9","0","9","0","9","0","9","0","9","0","9","0","9","6","8","70","50","65","51","519","106"
"1500000US550250014011","Block Group 1, Census Tract 14.01, Dane County, Wisconsin","1848","454","464","225","0","9","51","62","0","9","13","22","0","9","14","23","0","9","0","9","49","60","50","76","0","9","45","64","0","9","0","9","170","123","72","67","1384","331"
"1500000US550250014012","Block Group 2, Census Tract 14.01, Dane County, Wisconsin","1618","738","697","369","0","9","44","54","0","9","92","81","13","22","0","9","42","53","62","85","37","58","13","21","0","9","52","70","52","75","22","39","148","165","120","67","921","455"
"1500000US550250014013","Block Group 3, Census Tract 14.01, Dane County, Wisconsin","2155","668","737","358","0","9","71","88","58","91","13","22","58","90","60","55","0","9","48","49","0","9","131","109","17","29","110","96","35","54","0","9","125","100","11","19","1418","463"
"1500000US550250014014","Block Group 4, Census Tract 14.01, Dane County, Wisconsin","806","289","211","129","0","9","0","9","5","12","12","19","4","12","14","25","57","50","29","33","0","9","0","9","12","21","0","9","15","27","0","9","27","29","36","55","595","237"
"1500000US550250014021","Block Group 1, Census Tract 14.02, Dane County, Wisconsin","1247","424","338","217","0","9","40","58","0","9","38","56","22","36","9","16","0","9","0","9","0","9","59","68","22","36","18","30","40","52","15","24","35","60","40","48","909","272"
"1500000US550250014022","Block Group 2, Census Tract 14.02, Dane County, Wisconsin","543","201","60","67","0","9","13","20","12","19","0","9","0","9","23","39","0","9","0","9","0","9","0","9","0","9","0","9","0","9","12","18","0","9","0","9","483","173"
"1500000US550250014023","Block Group 3, Census Tract 14.02, Dane County, Wisconsin","2180","455","763","248","105","111","50","59","58","63","10","28","13","23","106","114","70","66","10","29","50","59","0","9","82","87","0","9","88","86","42","59","0","9","79","83","1417","382"
"1500000US550250014024","Block Group 4, Census Tract 14.02, Dane County, Wisconsin","640","263","94","74","0","9","0","9","0","9","22","36","0","9","0","9","26","30","0","9","0","9","0","9","0","9","0","9","17","21","0","9","6","11","23","38","546","243"
"1500000US550250014031","Block Group 1, Census Tract 14.03, Dane County, Wisconsin","2861","401","802","241","17","29","104","63","21","32","107","87","19","31","36","43","20","32","0","9","71","79","36","40","34","37","38","44","36","40","52","51","99","81","112","60","2059","264"
"1500000US550250014032","Block Group 2, Census Tract 14.03, Dane County, Wisconsin","2540","498","781","324","49","70","37","62","0","9","0","9","48","70","0","9","96","104","0","9","56","75","129","91","0","9","89","68","105","107","0","9","157","129","15","24","1759","347"
"1500000US550250014033","Block Group 3, Census Tract 14.03, Dane County, Wisconsin","3272","466","616","286","72","64","79","73","0","9","18","28","0","9","0","9","0","9","0","9","18","29","0","9","0","9","0","9","0","9","0","9","197","117","232","232","2656","399"
"1500000US550250015011","Block Group 1, Census Tract 15.01, Dane County, Wisconsin","1173","184","257","69","24","23","6","8","24","16","22","29","9","10","0","9","12","18","0","9","35","27","0","9","2","6","12","13","0","9","26","24","73","45","12","13","916","153"
"1500000US550250015012","Block Group 2, Census Tract 15.01, Dane County, Wisconsin","548","111","51","38","4","8","0","9","0","9","0","9","4","7","0","9","5","7","0","9","4","7","3","6","4","7","3","5","3","6","3","6","0","9","18","27","497","97"
"1500000US550250015021","Block Group 1, Census Tract 15.02, Dane County, Wisconsin","910","301","139","145","53","82","0","9","0","9","0","9","46","73","0","9","0","9","0","9","0","9","0","9","0","9","0","9","0","9","0","9","40","39","0","9","771","236"
"1500000US550250015022","Block Group 2, Census Tract 15.02, Dane County, Wisconsin","779","262","101","58","11","19","0","9","0","9","0","9","0","9","0","9","0","9","0","9","35","43","0","9","0","9","20","31","0","9","0","9","21","38","14","25","678","228"
"1500000US550250015023","Block Group 3, Census Tract 15.02, Dane County, Wisconsin","2698","423","788","316","124","125","50","55","20","36","51","64","57","58","0","9","55","61","132","126","15","27","0","9","53","50","28","46","0","9","14","22","189","152","0","9","1910","267"
"1500000US550250016031","Block Group 1, Census Tract 16.03, Dane County, Wisconsin","3346","688","2938","678","0","9","0","9","0","9","0","9","0","9","0","9","0","9","0","9","0","9","0","9","0","9","0","9","0","9","0","9","2648","690","290","218","408","263"
"1500000US550250016032","Block Group 2, Census Tract 16.03, Dane County, Wisconsin","1771","383","1661","384","0","9","0","9","0","9","0","9","0","9","0","9","0","9","0","9","0","9","0","9","0","9","0","9","0","9","0","9","1616","387","45","29","110","65"
"1500000US550250016041","Block Group 1, Census Tract 16.04, Dane County, Wisconsin","845","186","702","189","0","9","0","9","0","9","0","9","0","9","0","9","0","9","0","9","0","9","0","9","0","9","0","9","0","9","0","9","652","175","50","78","143","83"
"1500000US550250016042","Block Group 2, Census Tract 16.04, Dane County, Wisconsin","1465","726","1150","710","0","9","0","9","0","9","0","9","0","9","0","9","0","9","0","9","0","9","0","9","0","9","0","9","0","9","0","9","1042","715","108","57","315","132"
"1500000US550250016043","Block Group 3, Census Tract 16.04, Dane County, Wisconsin","1746","521","1539","540","0","9","0","9","0","9","0","9","0","9","0","9","0","9","0","9","0","9","0","9","0","9","0","9","0","9","0","9","1412","511","127","105","207","122"
"1500000US550250016044","Block Group 4, Census Tract 16.04, Dane County, Wisconsin","2168","567","2038","563","0","9","0","9","0","9","0","9","0","9","0","9","0","9","0","9","0","9","0","9","0","9","0","9","0","9","0","9","1925","538","113","103","130","101"
"1500000US550250016051","Block Group 1, Census Tract 16.05, Dane County, Wisconsin","1742","534","1009","493","0","9","0","9","0","9","0","9","0","9","0","9","0","9","0","9","0","9","0","9","0","9","0","9","0","9","0","9","709","461","300","97","733","126"
"1500000US550250016052","Block Group 2, Census Tract 16.05, Dane County, Wisconsin","1522","284","470","261","0","9","0","9","0","9","0","9","0","9","0","9","0","9","0","9","0","9","0","9","0","9","10","14","0","9","0","9","313","256","147","53","1052","208"
"1500000US550250016061","Block Group 1, Census Tract 16.06, Dane County, Wisconsin","1721","301","1112","289","0","9","0","9","0","9","0","9","0","9","0","9","0","9","0","9","0","9","0","9","0","9","0","9","0","9","0","9","957","276","155","69","609","196"
"1500000US550250016062","Block Group 2, Census Tract 16.06, Dane County, Wisconsin","2347","562","1826","522","0","9","0","9","0","9","0","9","0","9","0","9","0","9","0","9","0","9","0","9","0","9","13","20","9","14","9","16","1561","526","234","118","521","224"
"1500000US550250016063","Block Group 3, Census Tract 16.06, Dane County, Wisconsin","1219","176","1219","176","0","9","0","9","0","9","0","9","0","9","0","9","0","9","0","9","0","9","0","9","0","9","0","9","0","9","0","9","1210","177","9","18","0","9"
"1500000US550250016064","Block Group 4, Census Tract 16.06, Dane County, Wisconsin","2382","190","2382","190","0","9","0","9","0","9","0","9","0","9","0","9","0","9","0","9","0","9","0","9","0","9","0","9","0","9","0","9","2382","190","0","9","0","9"
"1500000US550250017041","Block Group 1, Census Tract 17.04, Dane County, Wisconsin","1887","273","431","203","0","9","0","9","0","9","0","9","0","9","0","9","0","9","0","9","14","25","0","9","5","10","14","29","10","14","31","47","316","194","41","40","1456","233"
"1500000US550250017042","Block Group 2, Census Tract 17.04, Dane County, Wisconsin","1809","236","286","129","0","9","0","9","0","9","0","9","0","9","0","9","0","9","0","9","0","9","0","9","0","9","9","14","6","14","0","9","108","95","163","76","1523","209"
"1500000US550250017051","Block Group 1, Census Tract 17.05, Dane County, Wisconsin","984","247","229","133","0","9","0","9","0","9","0","9","0","9","0","9","0","9","0","9","0","9","0","9","0","9","0","9","0","9","15","24","114","115","100","69","755","196"
"1500000US550250017052","Block Group 2, Census Tract 17.05, Dane County, Wisconsin","1586","323","544","193","0","9","0","9","0","9","0","9","0","9","0","9","0","9","0","9","0","9","0","9","0","9","0","9","0","9","0","9","247","194","297","111","1042","277"
"1500000US550250017053","Block Group 3, Census Tract 17.05, Dane County, Wisconsin","1788","426","702","278","0","9","0","9","0","9","0","9","0","9","0","9","0","9","0","9","0","9","0","9","0","9","0","9","0","9","0","9","469","266","233","112","1086","387"
"1500000US550250018021","Block Group 1, Census Tract 18.02, Dane County, Wisconsin","1544","173","280","122","6","10","5","11","5","11","0","9","8","13","5","11","0","9","0","9","10","15","10","16","11","15","0","9","0","9","27","36","57","44","136","101","1264","156"
"1500000US550250018022","Block Group 2, Census Tract 18.02, Dane County, Wisconsin","1571","196","345","115","0","9","0","9","0","9","0","9","8","12","9","13","0","9","0","9","0","9","0","9","0","9","8","14","0","9","0","9","152","72","168","74","1226","169"
"1500000US550250018041","Block Group 1, Census Tract 18.04, Dane County, Wisconsin","1526","256","266","112","0","9","0","9","0","9","30","39","0","9","0","9","30","38","0","9","0","9","0","9","0","9","0","9","0","9","0","9","109","77","97","48","1260","215"
"1500000US550250018042","Block Group 2, Census Tract 18.04, Dane County, Wisconsin","2063","287","522","158","0","9","30","29","10","15","22","23","0","9","7","12","0","9","11","16","13","20","0","9","0","9","35","37","11","18","10","15","256","148","117","51","1541","220"
"1500000US550250019001","Block Group 1, Census Tract 19, Dane County, Wisconsin","1107","202","212","92","12","19","0","9","14","21","15","26","17","26","0","9","16","26","0","9","25","39","0","9","0","9","12","20","0","9","26","37","42","56","33","38","895","158"
"1500000US550250019002","Block Group 2, Census Tract 19, Dane County, Wisconsin","1405","345","407","161","12","19","14","22","16","24","14","22","0","9","0","9","55","51","0","9","14","23","42","47","0","9","18","26","26","39","31","48","130","103","35","46","998","250"
"1500000US550250019003","Block Group 3, Census Tract 19, Dane County, Wisconsin","1545","327","298","140","0","9","0","9","0","9","0","9","0","9","13","23","0","9","0","9","0","9","0","9","37","57","0","9","0","9","0","9","52","39","196","127","1247","309"
"1500000US550250019004","Block Group 4, Census Tract 19, Dane County, Wisconsin","1025","220","233","117","0","9","0","9","0","9","0","9","0","9","0","9","0","9","22","34","0","9","0","9","0","9","0","9","0","9","0","9","50","48","161","99","792","195"
"1500000US550250019005","Block Group 5, Census Tract 19, Dane County, Wisconsin","1298","247","265","123","0","9","0","9","14","22","0","9","0","9","0","9","17","29","67","107","14","23","0","9","0","9","15","24","0","9","25","40","32","26","81","74","1033","207"
"1500000US550250020001","Block Group 1, Census Tract 20, Dane County, Wisconsin","897","182","162","90","0","9","4","6","0","9","17","26","3","7","5","7","14","19","14","25","0","9","4","8","4","8","9","16","0","9","6","7","34","23","48","66","735","143"
"1500000US550250020002","Block Group 2, Census Tract 20, Dane County, Wisconsin","1317","296","253","120","16","25","16","24","0","9","78","84","38","42","0","9","0","9","0","9","0","9","0","9","0","9","0","9","0","9","0","9","65","65","40","48","1064","252"
"1500000US550250020003","Block Group 3, Census Tract 20, Dane County, Wisconsin","1510","243","413","148","17","31","0","9","39","41","18","29","22","34","20","31","20","31","20","30","18","28","0","9","0","9","0","9","0","9","26","41","58","52","155","83","1097","179"
"1500000US550250020004","Block Group 4, Census Tract 20, Dane County, Wisconsin","2054","254","520","156","76","64","0","9","30","35","36","43","17","27","34","40","0","9","0","9","45","25","17","26","0","9","44","25","15","24","0","9","59","48","147","92","1534","211"
"1500000US550250021001","Block Group 1, Census Tract 21, Dane County, Wisconsin","1470","296","291","160","16","24","37","56","29","28","0","9","13","21","51","56","0","9","0","9","0","9","0","9","17","28","0","9","0","9","0","9","77","71","51","44","1179","252"
"1500000US550250021002","Block Group 2, Census Tract 21, Dane County, Wisconsin","1093","245","209","116","50","41","0","9","0","9","0","9","0","9","0","9","0","9","53","82","0","9","0","9","15","24","0","9","0","9","18","28","61","55","12","19","884","190"
"1500000US550250021003","Block Group 3, Census Tract 21, Dane County, Wisconsin","902","201","201","110","14","22","44","39","0","9","0","9","0","9","0","9","0","9","0","9","18","29","0","9","0","9","0","9","0","9","7","16","54","51","64","49","701","201"
"1500000US550250021004","Block Group 4, Census Tract 21, Dane County, Wisconsin","985","209","221","100","15","24","0","9","26","31","0","9","0","9","0","9","0","9","0","9","0","9","12","19","13","20","0","9","11","18","0","9","68","54","76","49","764","172"
"1500000US550250022001","Block Group 1, Census Tract 22, Dane County, Wisconsin","1041","228","285","121","10","23","0","9","11","19","0","9","0","9","28","43","0","9","0","9","0","9","19","35","0","9","20","28","5","12","18","23","155","118","19","31","756","145"
"1500000US550250022002","Block Group 2, Census Tract 22, Dane County, Wisconsin","1354","405","301","161","16","30","6","12","35","55","0","9","0","9","116","86","8","14","0","9","0","9","0","9","37","44","5","13","0","9","0","9","63","74","15","24","1053","272"
"1500000US550250022003","Block Group 3, Census Tract 22, Dane County, Wisconsin","1731","364","238","166","24","49","0","9","0","9","0","9","0","9","45","65","0","9","0","9","0","9","0","9","19","37","0","9","0","9","0","9","121","99","29","34","1493","285"
"1500000US550250023011","Block Group 1, Census Tract 23.01, Dane County, Wisconsin","1754","282","741","214","44","48","44","47","25","20","33","31","27","30","28","42","0","9","171","67","16","24","85","61","35","27","53","47","6","13","49","35","119","58","6","10","1013","154"
"1500000US550250023012","Block Group 2, Census Tract 23.01, Dane County, Wisconsin","1270","281","276","149","66","60","22","23","55","57","15","26","32","38","8","13","0","9","10","16","0","9","6","10","29","28","0","9","0","9","25","34","0","9","8","13","994","160"
"1500000US550250023021","Block Group 1, Census Tract 23.02, Dane County, Wisconsin","1602","200","230","102","28","30","37","34","0","9","0","9","0","9","4","6","12","19","2","5","22","28","13","19","0","9","0","9","41","29","7","8","55","47","9","16","1372","199"
"1500000US550250024011","Block Group 1, Census Tract 24.01, Dane County, Wisconsin","1300","135","257","113","16","19","0","9","16","18","0","9","0","9","8","12","14","17","8","12","25","25","25","23","63","47","50","41","5","9","0","9","27","23","0","9","1043","139"
"1500000US550250024012","Block Group 2, Census Tract 24.01, Dane County, Wisconsin","1028","154","157","72","11","17","17","19","11","17","11","18","17","19","0","9","0","9","0","9","8","12","10","15","0","9","0","9","42","33","0","9","30","33","0","9","871","121"
"1500000US550250024013","Block Group 3, Census Tract 24.01, Dane County, Wisconsin","955","164","193","80","19","21","17","21","14","21","9","14","29","44","10","17","16","19","16","19","0","9","8","12","16","19","0","9","0","9","0","9","39","31","0","9","762","134"
"1500000US550250024021","Block Group 1, Census Tract 24.02, Dane County, Wisconsin","2191","285","739","226","43","41","67","51","21","22","64","48","37","34","36","28","15","20","14","17","55","48","32","23","0","9","57","53","45","32","60","54","179","121","14","18","1452","183"
"1500000US550250024022","Block Group 2, Census Tract 24.02, Dane County, Wisconsin","1706","423","502","242","7","12","24","37","31","39","0","9","9","14","83","79","8","14","58","60","21","34","9","15","19","29","21","31","0","9","53","46","149","72","10","16","1204","266"
"1500000US550250025001","Block Group 1, Census Tract 25, Dane County, Wisconsin","828","166","193","76","0","9","15","24","0","9","4","7","14","16","14","23","15","22","50","66","20","24","0","9","8","14","0","9","0","9","0","9","47","37","6","12","635","124"
"1500000US550250025002","Block Group 2, Census Tract 25, Dane County, Wisconsin","926","181","247","107","19","29","23","30","0","9","35","36","6","9","22","24","0","9","22","27","13","16","0","9","0","9","6","9","0","9","0","9","74","68","27","23","679","146"
"1500000US550250026011","Block Group 1, Census Tract 26.01, Dane County, Wisconsin","1124","210","438","146","17","19","85","43","31","33","63","57","33","28","24","27","0","9","30","25","6","9","2","5","29","22","11","12","11","16","20","20","46","26","30","29","686","115"
"1500000US550250026012","Block Group 2, Census Tract 26.01, Dane County, Wisconsin","1013","210","311","132","7","11","36","30","23","22","13","15","42","31","22","24","16","18","0","9","17","25","0","9","0","9","48","42","15","26","6","10","20","16","46","62","702","128"
"1500000US550250026021","Block Group 1, Census Tract 26.02, Dane County, Wisconsin","1973","382","450","250","0","9","12","21","0","9","11","19","0","9","12","21","0","9","51","63","0","9","0","9","16","26","0","9","16","25","0","9","332","237","0","9","1523","319"
"1500000US550250026022","Block Group 2, Census Tract 26.02, Dane County, Wisconsin","1515","432","413","196","76","96","77","96","0","9","0","9","0","9","0","9","40","40","41","41","40","40","0","9","25","39","18","30","0","9","15","22","55","61","26","41","1102","275"
"1500000US550250026023","Block Group 3, Census Tract 26.02, Dane County, Wisconsin","1801","343","342","175","19","30","48","47","0","9","41","45","0","9","48","47","73","64","0","9","43","44","22","34","0","9","0","9","0","9","14","23","34","42","0","9","1459","266"
"1500000US550250026031","Block Group 1, Census Tract 26.03, Dane County, Wisconsin","3081","497","806","297","55","67","58","73","77","73","58","74","0","9","49","43","38","37","40","62","38","41","42","40","13","22","127","91","0","9","0","9","195","150","16","25","2275","327"
"1500000US550250026032","Block Group 2, Census Tract 26.03, Dane County, Wisconsin","2195","402","468","257","42","68","0","9","12","20","16","25","13","21","46","74","0","9","0","9","0","9","55","90","0","9","0","9","0","9","75","98","194","163","15","22","1727","303"
"1500000US550250027001","Block Group 1, Census Tract 27, Dane County, Wisconsin","953","251","243","115","12","18","9","14","8","14","41","47","47","67","31","35","0","9","10","16","0","9","0","9","10","15","0","9","6","10","26","38","35","26","8","13","710","162"
"1500000US550250027002","Block Group 2, Census Tract 27, Dane County, Wisconsin","1297","162","231","101","21","18","0","9","0","9","0","9","0","9","30","45","0","9","62","40","0","9","0","9","0","9","9","15","10","17","8","13","76","57","15","17","1066","128"
"1500000US550250027003","Block Group 3, Census Tract 27, Dane County, Wisconsin","979","182","85","60","0","9","0","9","0","9","0","9","0","9","0","9","0","9","0","9","39","44","0","9","0","9","0","9","8","12","7","13","31","29","0","9","894","147"
"1500000US550250028001","Block Group 1, Census Tract 28, Dane County, Wisconsin","1331","147","188","65","10","14","12","19","0","9","11","18","26","25","13","18","13","19","0","9","0","9","8","12","0","9","1","2","9","14","15","17","49","39","21","24","1143","139"
"1500000US550250028002","Block Group 2, Census Tract 28, Dane County, Wisconsin","924","158","189","71","14","21","7","10","7","10","0","9","27","36","20","18","12","17","9","16","13","18","24","27","0","9","37","37","0","9","0","9","19","25","0","9","735","148"
"1500000US550250029001","Block Group 1, Census Tract 29, Dane County, Wisconsin","647","150","172","91","12","19","0","9","11","17","0","9","11","17","20","24","10","17","0","9","11","18","21","22","11","18","0","9","29","28","9","15","27","30","0","9","475","101"
"1500000US550250029002","Block Group 2, Census Tract 29, Dane County, Wisconsin","1132","198","226","88","0","9","10","15","9","15","0","9","10","15","10","15","10","16","25","36","21","22","11","17","10","15","0","9","21","23","11","16","33","27","45","43","906","155"
"1500000US550250029003","Block Group 3, Census Tract 29, Dane County, Wisconsin","1354","188","309","142","22","23","11","19","21","22","11","17","0","9","10","16","30","43","0","9","44","30","13","19","41","47","7","12","0","9","0","9","99","106","0","9","1045","145"
"1500000US550250030011","Block Group 1, Census Tract 30.01, Dane County, Wisconsin","1100","214","261","113","0","9","29","33","0","9","0","9","15","24","58","55","8","12","9","14","0","9","35","30","0","9","13","20","13","19","9","15","64","42","8","12","839","125"
"1500000US550250030012","Block Group 2, Census Tract 30.01, Dane County, Wisconsin","876","150","139","75","23","24","23","26","11","17","16","18","12","17","0","9","0","9","8","13","8","13","9","14","8","12","0","9","0","9","0","9","8","13","13","21","737","145"
"1500000US550250030013","Block Group 3, Census Tract 30.01, Dane County, Wisconsin","1002","227","282","141","33","39","28","42","21","23","12","19","0","9","21","23","8","13","33","39","0","9","21","34","12","20","22","36","0","9","0","9","55","38","16","17","720","138"
"1500000US550250030014","Block Group 4, Census Tract 30.01, Dane County, Wisconsin","959","204","173","100","13","21","9","14","0","9","9","14","0","9","19","31","0","9","13","20","32","44","25","27","0","9","0","9","28","48","8","13","17","26","0","9","786","137"
"1500000US550250030015","Block Group 5, Census Tract 30.01, Dane County, Wisconsin","771","169","83","41","0","9","19","19","0","9","0","9","11","17","0","9","8","14","0","9","0","9","0","9","0","9","0","9","10","16","0","9","16","17","19","22","688","160"
"1500000US550250030021","Block Group 1, Census Tract 30.02, Dane County, Wisconsin","1844","322","647","189","11","18","22","24","28","38","10","15","49","52","24","23","34","27","0","9","21","24","10","16","35","27","0","9","16","22","69","57","266","125","52","55","1197","279"
"1500000US550250030022","Block Group 2, Census Tract 30.02, Dane County, Wisconsin","1752","287","357","110","30","44","12","18","11","18","11","17","22","26","11","17","13","19","9","14","9","14","35","29","27","27","37","29","11","17","43","37","57","47","19","22","1395","244"
"1500000US550250031001","Block Group 1, Census Tract 31, Dane County, Wisconsin","1031","235","130","111","0","9","22","33","21","34","0","9","0","9","13","20","0","9","0","9","34","37","0","9","22","34","0","9","18","29","0","9","0","9","0","9","901","164"
"1500000US550250031002","Block Group 2, Census Tract 31, Dane County, Wisconsin","911","223","164","104","0","9","12","19","0","9","0","9","0","9","26","42","33","40","26","30","13","21","14","23","11","18","0","9","0","9","0","9","29","32","0","9","747","177"
"1500000US550250031003","Block Group 3, Census Tract 31, Dane County, Wisconsin","2823","400","931","210","21","32","46","51","16","27","24","38","83","67","70","61","41","44","62","53","37","42","56","55","84","66","94","70","43","47","54","53","158","81","42","45","1892","320"
"1500000US550250031004","Block Group 4, Census Tract 31, Dane County, Wisconsin","1002","251","150","99","23","27","16","25","11","18","13","20","9","15","0","9","0","9","0","9","0","9","6","12","0","9","20","33","0","9","11","23","20","24","21","27","852","230"
"1500000US550250032001","Block Group 1, Census Tract 32, Dane County, Wisconsin","2666","216","1325","151","77","55","78","38","13","16","34","29","55","45","21","20","43","36","69","53","39","31","12","17","21","32","24","27","17","24","0","9","85","54","737","140","1341","196"
"1500000US550250101001","Block Group 1, Census Tract 101, Dane County, Wisconsin","1033","108","339","71","14","13","7","6","7","9","5","5","14","10","10","8","10","13","16","11","25","24","17","13","23","13","28","19","16","12","24","15","55","27","68","27","694","66"
"1500000US550250101002","Block Group 2, Census Tract 101, Dane County, Wisconsin","1117","86","243","46","17","12","11","10","20","16","20","12","7","5","10","8","8","7","7","6","18","11","17","9","8","7","20","12","10","7","8","6","33","23","29","16","874","66"
"1500000US550250102001","Block Group 1, Census Tract 102, Dane County, Wisconsin","1316","76","292","39","18","12","27","14","14","11","21","13","14","10","27","16","17","10","18","10","13","10","10","8","18","10","13","9","24","12","10","8","29","16","19","13","1024","58"
"1500000US550250103001","Block Group 1, Census Tract 103, Dane County, Wisconsin","1745","159","286","104","30","25","19","20","0","9","4","7","25","23","14","16","0","9","14","14","21","25","5","9","0","9","6","11","18","21","23","26","80","59","27","26","1459","128"
"1500000US550250103002","Block Group 2, Census Tract 103, Dane County, Wisconsin","1737","200","412","137","6","10","19","17","42","36","16","16","20","19","56","35","0","9","80","63","38","34","0","9","41","35","0","9","31","36","14","17","34","30","15","18","1325","121"
"1500000US550250104001","Block Group 1, Census Tract 104, Dane County, Wisconsin","1195","195","288","138","43","27","0","9","21","24","11","20","21","24","40","25","36","42","21","24","24","38","21","24","0","9","8","12","0","9","16","22","0","9","26","29","907","119"
"1500000US550250104002","Block Group 2, Census Tract 104, Dane County, Wisconsin","1072","173","168","75","17","21","11","14","10","15","16","18","0","9","0","9","8","13","0","9","0","9","0","9","0","9","15","19","28","27","10","12","33","33","20","26","904","136"
"1500000US550250104003","Block Group 3, Census Tract 104, Dane County, Wisconsin","1035","202","324","108","12","15","36","53","6","9","8","11","65","53","14","15","3","7","22","25","7","12","15","19","26","21","16","21","19","29","12","19","53","51","10","16","711","127"
"1500000US550250105011","Block Group 1, Census Tract 105.01, Dane County, Wisconsin","1672","250","501","123","60","38","32","29","27","39","55","39","24","26","22","21","36","27","45","35","25","23","55","49","15","15","8","9","26","25","27","22","20","20","24","22","1171","174"
"1500000US550250105012","Block Group 2, Census Tract 105.01, Dane County, Wisconsin","1629","251","384","143","19","21","30","21","58","57","0","9","41","38","24","21","19","21","0","9","0","9","31","23","0","9","28","26","0","9","55","62","61","65","18","17","1245","169"
"1500000US550250105021","Block Group 1, Census Tract 105.02, Dane County, Wisconsin","1497","307","342","143","27","30","30","28","0","9","19","23","0","9","17","27","0","9","0","9","0","9","17","27","52","49","38","42","0","9","60","52","48","44","34","40","1155","261"
"1500000US550250105022","Block Group 2, Census Tract 105.02, Dane County, Wisconsin","2224","361","497","244","111","68","25","30","35","34","36","34","44","61","24","28","85","71","0","9","0","9","11","17","34","53","15","23","0","9","15","24","62","70","0","9","1727","221"
"1500000US550250105023","Block Group 3, Census Tract 105.02, Dane County, Wisconsin","1213","254","319","154","0","9","0","9","20","30","73","48","13","21","18","29","20","31","12","20","0","9","20","31","0","9","12","20","53","48","18","28","15","24","45","43","894","180"
"1500000US550250105024","Block Group 4, Census Tract 105.02, Dane County, Wisconsin","3251","398","714","196","42","40","23","27","42","50","55","41","39","37","29","34","17","27","61","44","9","16","105","77","41","43","38","44","57","51","48","45","78","91","30","34","2537","356"
"1500000US550250106001","Block Group 1, Census Tract 106, Dane County, Wisconsin","1100","242","131","81","17","28","0","9","0","9","0","9","15","27","0","9","14","21","19","26","0","9","5","12","24","26","2","4","7","14","1","3","16","29","11","19","969","230"
"1500000US550250106002","Block Group 2, Census Tract 106, Dane County, Wisconsin","982","249","145","96","0","9","15","23","0","9","0","9","50","76","15","24","0","9","0","9","0","9","0","9","10","17","0","9","0","9","16","21","37","31","2","5","837","187"
"1500000US550250106003","Block Group 3, Census Tract 106, Dane County, Wisconsin","798","207","187","89","0","9","14","24","11","19","0","9","30","36","0","9","29","34","15","26","15","25","14","24","0","9","0","9","42","63","0","9","17","29","0","9","611","141"
"1500000US550250106004","Block Group 4, Census Tract 106, Dane County, Wisconsin","1104","292","227","169","0","9","0","9","0","9","0","9","0","9","31","41","95","126","7","13","22","23","0","9","0","9","26","28","13","24","18","27","15","20","0","9","877","186"
"1500000US550250106005","Block Group 5, Census Tract 106, Dane County, Wisconsin","1162","252","114","70","0","9","0","9","0","9","0","9","0","9","0","9","6","15","0","9","0","9","39","56","0","9","0","9","0","9","0","9","69","51","0","9","1048","249"
"1500000US550250107011","Block Group 1, Census Tract 107.01, Dane County, Wisconsin","2820","390","609","200","113","97","0","9","57","61","21","33","82","68","0","9","61","59","50","57","31","49","31","49","22","38","34","53","18","30","16","26","45","49","28","32","2211","255"
"1500000US550250107012","Block Group 2, Census Tract 107.01, Dane County, Wisconsin","1930","381","435","195","49","53","0","9","27","42","0","9","0","9","13","21","0","9","26","41","20","34","82","100","29","44","0","9","29","42","19","31","87","67","54","64","1495","274"
"1500000US550250107013","Block Group 3, Census Tract 107.01, Dane County, Wisconsin","1576","281","335","165","26","40","110","82","58","88","0","9","19","32","0","9","12","20","0","9","21","33","0","9","15","24","0","9","22","33","0","9","52","56","0","9","1241","196"
"1500000US550250107021","Block Group 1, Census Tract 107.02, Dane County, Wisconsin","2948","323","875","208","35","32","90","76","10","10","53","72","106","74","66","52","55","44","37","30","38","33","52","54","28","28","71","48","29","30","10","16","156","138","39","30","2073","206"
"1500000US550250107022","Block Group 2, Census Tract 107.02, Dane County, Wisconsin","769","217","104","109","7","13","12","21","0","9","12","22","0","9","0","9","0","9","0","9","0","9","0","9","0","9","0","9","14","23","0","9","0","9","59","93","665","185"
"1500000US550250107023","Block Group 3, Census Tract 107.02, Dane County, Wisconsin","2695","375","434","206","44","53","16","25","0","9","35","39","0","9","43","49","0","9","15","25","0","9","27","35","19","27","0","9","13","21","0","9","101","73","121","97","2261","300"
"1500000US550250107024","Block Group 4, Census Tract 107.02, Dane County, Wisconsin","1009","271","145","118","16","25","22","33","0","9","0","9","0","9","20","29","0","9","0","9","0","9","0","9","0","9","0","9","24","35","13","20","19","30","31","49","864","208"
"1500000US550250108001","Block Group 1, Census Tract 108, Dane County, Wisconsin","2544","395","726","289","103","86","47","53","29","44","79","78","24","37","28","44","182","130","0","9","49","57","67","97","73","70","24","39","0","9","0","9","0","9","21","33","1818","230"
"1500000US550250108002","Block Group 2, Census Tract 108, Dane County, Wisconsin","1768","304","616","227","25","34","0","9","38","58","54","53","25","39","87","76","26","35","46","51","28","44","32","43","52","58","30","47","40","43","71","89","62","66","0","9","1152","173"
"1500000US550250108003","Block Group 3, Census Tract 108, Dane County, Wisconsin","780","259","220","111","21","35","27","43","0","9","3","6","0","9","6","8","0","9","0","9","0","9","21","35","22","36","24","39","25","34","0","9","71","67","0","9","560","167"
"1500000US550250108004","Block Group 4, Census Tract 108, Dane County, Wisconsin","1880","293","503","177","0","9","26","42","19","26","16","26","0","9","6","8","28","43","74","59","65","74","0","9","0","9","26","43","48","55","23","37","4","6","168","103","1377","211"
"1500000US550250108005","Block Group 5, Census Tract 108, Dane County, Wisconsin","4273","440","1081","278","59","65","50","56","20","29","117","90","22","37","38","41","26","42","30","43","69","66","47","56","46","55","61","57","126","87","45","47","247","120","78","75","3192","328"
"1500000US550250109011","Block Group 1, Census Tract 109.01, Dane County, Wisconsin","7456","438","1929","311","34","41","123","79","58","56","106","78","87","85","103","101","71","52","137","105","70","47","167","91","204","97","141","122","68","63","39","37","247","118","274","112","5527","322"
"1500000US550250109031","Block Group 1, Census Tract 109.03, Dane County, Wisconsin","3426","304","678","169","106","49","39","28","79","36","36","30","13","15","23","24","26","25","32","42","41","34","28","27","43","34","34","30","29","28","19","23","58","36","72","50","2748","212"
"1500000US550250109041","Block Group 1, Census Tract 109.04, Dane County, Wisconsin","1994","273","549","162","46","41","19","23","48","39","47","47","50","43","51","43","14","17","20","27","55","36","25","29","26","28","45","36","35","34","12","18","56","42","0","9","1445","161"
"1500000US550250109042","Block Group 2, Census Tract 109.04, Dane County, Wisconsin","3247","359","916","255","40","43","0","9","63","40","19","29","34","39","88","55","20","30","116","59","32","34","22","24","161","74","51","45","39","32","74","43","87","69","70","59","2331","215"
"1500000US550250109043","Block Group 3, Census Tract 109.04, Dane County, Wisconsin","1322","144","294","98","31","25","13","14","7","11","3","7","11","12","39","31","19","18","20","19","4","7","24","18","19","18","16","15","26","18","28","20","29","26","5","8","1028","122"
"1500000US550250109044","Block Group 4, Census Tract 109.04, Dane County, Wisconsin","2562","276","785","184","77","54","43","46","63","69","57","50","30","33","37","40","17","25","37","34","56","51","26","29","99","65","21","32","47","45","37","33","83","55","55","48","1777","182"
"1500000US550250110001","Block Group 1, Census Tract 110, Dane County, Wisconsin","1740","252","322","99","57","40","6","11","6","11","26","22","5","9","0","9","24","22","14","16","23","21","9","14","10","16","8","13","23","33","9","14","57","40","45","37","1418","192"
"1500000US550250110002","Block Group 2, Census Tract 110, Dane County, Wisconsin","2300","218","600","124","35","23","77","45","27","24","18","16","56","38","19","19","49","41","14","12","108","64","0","9","88","64","0","9","23","21","40","46","37","32","9","13","1700","143"
"1500000US550250111011","Block Group 1, Census Tract 111.01, Dane County, Wisconsin","1457","232","529","139","24","38","0","9","21","34","0","9","60","60","0","9","60","49","15","24","14","23","24","30","0","9","82","70","53","58","25","30","124","70","27","28","928","132"
"1500000US550250111012","Block Group 2, Census Tract 111.01, Dane County, Wisconsin","2196","317","721","217","17","28","54","67","39","42","40","63","16","26","13","22","25","39","14","22","51","75","112","63","23","25","26","29","27","29","41","42","123","95","100","87","1475","224"
"1500000US550250111013","Block Group 3, Census Tract 111.01, Dane County, Wisconsin","1003","184","104","74","0","9","15","22","0","9","0","9","0","9","0","9","14","21","0","9","18","21","14","21","5","11","0","9","21","28","0","9","17","14","0","9","899","148"
"1500000US550250111021","Block Group 1, Census Tract 111.02, Dane County, Wisconsin","1485","260","357","124","54","53","35","52","29","43","12","22","25","28","37","33","0","9","0","9","8","9","24","23","4","7","46","67","26","27","0","9","43","40","14","23","1128","213"
"1500000US550250111022","Block Group 2, Census Tract 111.02, Dane County, Wisconsin","1727","259","520","153","21","32","55","41","39","36","61","54","28","22","0","9","35","35","41","37","11","17","8","14","33","40","23","26","33","39","11","18","61","55","60","52","1207","231"
"1500000US550250111023","Block Group 3, Census Tract 111.02, Dane County, Wisconsin","853","204","252","103","10","17","44","50","0","9","0","9","30","36","11","17","10","17","0","9","12","21","10","16","41","35","12","19","31","37","23","27","0","9","18","29","601","128"
"1500000US550250111024","Block Group 4, Census Tract 111.02, Dane County, Wisconsin","1476","213","254","111","20","22","0","9","0","9","0","9","0","9","0","9","8","14","15","25","31","31","15","24","27","33","0","9","9","14","0","9","101","82","28","32","1222","167"
"1500000US550250111025","Block Group 5, Census Tract 111.02, Dane County, Wisconsin","762","183","173","129","10","18","0","9","0","9","9","15","0","9","0","9","0","9","0","9","0","9","25","30","0","9","26","32","0","9","10","15","93","113","0","9","589","157"
"1500000US550250111026","Block Group 6, Census Tract 111.02, Dane County, Wisconsin","1441","400","260","162","0","9","16","26","10","16","0","9","0","9","12","17","0","9","0","9","0","9","44","71","10","17","0","9","39","65","9","16","97","84","23","37","1181","298"
"1500000US550250111027","Block Group 7, Census Tract 111.02, Dane County, Wisconsin","1150","269","249","113","29","34","0","9","8","14","27","34","0","9","12","19","20","23","0","9","10","16","0","9","61","43","0","9","10","16","43","31","29","34","0","9","901","260"
"1500000US550250112001","Block Group 1, Census Tract 112, Dane County, Wisconsin","1112","150","268","89","10","15","0","9","0","9","0","9","10","11","5","8","42","33","15","15","4","6","30","21","0","9","22","28","33","27","14","16","69","44","14","19","844","111"
"1500000US550250112002","Block Group 2, Census Tract 112, Dane County, Wisconsin","4959","367","1442","247","81","57","14","24","61","55","34","39","115","71","21","33","99","74","115","62","126","83","28","34","173","81","98","70","152","68","102","85","161","129","62","51","3517","272"
"1500000US550250112003","Block Group 3, Census Tract 112, Dane County, Wisconsin","1817","293","555","167","111","65","62","34","37","38","36","42","45","43","39","43","24","29","30","32","17","27","26","30","46","40","0","9","42","30","10","16","0","9","30","35","1262","208"
"1500000US550250112004","Block Group 4, Census Tract 112, Dane County, Wisconsin","1754","254","295","137","0","9","0","9","0","9","37","34","0","9","32","35","12","19","0","9","0","9","13","21","0","9","0","9","14","21","16","25","97","96","74","84","1459","202"
"1500000US550250113011","Block Group 1, Census Tract 113.01, Dane County, Wisconsin","4092","310","1301","289","67","46","64","44","64","65","52","40","52","40","50","63","139","72","162","69","41","42","49","41","145","98","97","52","97","92","65","47","129","85","28","33","2791","252"
"1500000US550250113012","Block Group 2, Census Tract 113.01, Dane County, Wisconsin","2179","289","366","138","14","21","56","43","0","9","16","26","57","55","0","9","20","25","0","9","13","21","13","20","16","26","41","37","17","27","12","19","91","55","0","9","1813","232"
"1500000US550250113021","Block Group 1, Census Tract 113.02, Dane County, Wisconsin","1388","261","365","156","7","12","12","19","35","31","7","11","43","31","18","15","23","26","26","30","5","8","12","20","12","13","18","24","17","24","32","24","89","112","9","14","1023","161"
"1500000US550250113022","Block Group 2, Census Tract 113.02, Dane County, Wisconsin","1096","240","259","89","31","26","19","21","0","9","19","21","0","9","6","9","0","9","16","18","11","17","0","9","8","12","0","9","23","33","13","15","87","54","26","24","837","217"
"1500000US550250113023","Block Group 3, Census Tract 113.02, Dane County, Wisconsin","670","154","167","111","0","9","0","9","0","9","0","9","0","9","0","9","12","19","12","19","14","21","0","9","20","23","14","23","8","12","16","23","40","56","31","29","503","88"
"1500000US550250114011","Block Group 1, Census Tract 114.01, Dane County, Wisconsin","2469","343","479","193","25","29","15","24","14","23","14","24","75","52","0","9","38","46","0","9","18","29","0","9","14","24","0","9","13","21","0","9","134","80","119","79","1990","279"
"1500000US550250114012","Block Group 2, Census Tract 114.01, Dane County, Wisconsin","4226","482","1059","235","41","51","167","76","62","56","48","53","49","48","0","9","73","49","20","25","49","50","99","92","50","48","80","92","44","46","23","36","178","179","76","53","3167","336"
"1500000US550250114013","Block Group 3, Census Tract 114.01, Dane County, Wisconsin","2049","308","227","107","0","9","0","9","0","9","22","29","11","18","5","8","0","9","10","12","24","34","0","9","37","38","11","14","0","9","28","38","55","43","24","32","1822","279"
"1500000US550250114021","Block Group 1, Census Tract 114.02, Dane County, Wisconsin","2417","423","767","294","102","97","17","26","17","27","98","105","45","38","64","61","27","31","29","35","0","9","32","36","13","20","32","36","62","48","0","9","109","69","120","97","1650","235"
"1500000US550250114022","Block Group 2, Census Tract 114.02, Dane County, Wisconsin","1535","295","248","94","33","37","27","33","0","9","16","27","0","9","23","25","14","24","25","28","13","21","0","9","12","18","16","25","0","9","0","9","47","50","22","36","1287","255"
"1500000US550250114023","Block Group 3, Census Tract 114.02, Dane County, Wisconsin","6660","468","1862","381","238","88","59","48","52","47","89","67","77","56","46","45","165","76","73","60","151","94","162","107","52","50","112","72","179","86","64","38","257","137","86","69","4798","336"
"1500000US550250115031","Block Group 1, Census Tract 115.03, Dane County, Wisconsin","3645","401","1239","225","140","85","66","72","37","36","12","18","15","25","49","41","43","37","121","80","68","50","156","91","34","39","104","63","103","72","111","86","134","84","46","39","2406","308"
"1500000US550250115032","Block Group 2, Census Tract 115.03, Dane County, Wisconsin","5081","407","1410","267","39","36","41","38","57","49","59","46","68","43","169","90","26","29","100","64","93","84","70","84","85","47","91","75","58","48","168","82","286","134","0","12","3671","280"
"1500000US550250115041","Block Group 1, Census Tract 115.04, Dane County, Wisconsin","1732","256","421","147","82","50","32","27","9","14","9","16","40","35","46","34","39","32","18","20","12","19","11","17","11","17","30","20","0","9","36","34","38","37","8","13","1311","163"
"1500000US550250115042","Block Group 2, Census Tract 115.04, Dane County, Wisconsin","2082","276","524","172","39","35","31","36","11","18","22","26","38","36","22","28","14","22","58","61","29","28","47","60","24","27","25","27","14","28","45","41","77","53","28","33","1558","170"
"1500000US550250115051","Block Group 1, Census Tract 115.05, Dane County, Wisconsin","1408","280","408","175","55","46","20","25","0","9","22","25","20","22","0","9","0","9","67","50","46","58","35","30","0","9","60","60","31","42","10","17","27","45","15","26","1000","171"
"1500000US550250115052","Block Group 2, Census Tract 115.05, Dane County, Wisconsin","2195","427","596","283","10","16","47","52","25","18","14","22","50","50","7","11","58","65","10","18","38","53","43","55","26","42","57","50","79","68","45","58","87","57","0","9","1599","243"
"1500000US550250115053","Block Group 3, Census Tract 115.05, Dane County, Wisconsin","1058","314","253","142","12","17","4","9","22","27","35","41","22","25","0","9","37","31","0","9","0","9","38","44","12","20","37","44","0","9","0","9","34","23","0","9","805","196"
"1500000US550250115061","Block Group 1, Census Tract 115.06, Dane County, Wisconsin","2747","340","275","146","36","40","0","9","15","24","24","36","30","37","0","9","29","33","24","36","29","35","0","9","0","9","0","9","0","9","8","16","33","37","47","44","2472","320"
"1500000US550250115062","Block Group 2, Census Tract 115.06, Dane County, Wisconsin","1891","320","512","182","154","85","16","24","13","20","17","27","41","44","0","9","29","34","15","25","19","30","0","9","37","32","40","46","20","33","38","42","73","61","0","9","1379","219"
"1500000US550250115063","Block Group 3, Census Tract 115.06, Dane County, Wisconsin","795","253","223","151","28","40","76","64","0","9","0","9","0","9","0","9","0","9","12","19","13","22","0","9","0","9","45","57","0","9","30","52","19","30","0","9","572","195"
"1500000US550250116001","Block Group 1, Census Tract 116, Dane County, Wisconsin","922","185","203","122","14","21","0","9","16","26","0","9","15","25","0","9","42","30","0","9","29","35","17","30","0","9","40","47","14","22","0","9","16","26","0","9","719","131"
"1500000US550250116002","Block Group 2, Census Tract 116, Dane County, Wisconsin","3222","409","905","199","121","75","32","34","79","50","36","52","0","9","44","38","83","53","37","54","88","59","39","36","33","39","113","66","48","46","84","55","16","27","52","54","2317","283"
"1500000US550250116003","Block Group 3, Census Tract 116, Dane County, Wisconsin","2684","457","748","251","72","68","40","38","15","26","64","69","39","38","14","16","86","70","0","9","12","19","35","35","71","79","34","39","0","9","92","66","124","77","50","55","1936","326"
"1500000US550250117001","Block Group 1, Census Tract 117, Dane County, Wisconsin","1989","166","610","129","42","24","60","33","12","13","31","24","75","32","4","7","43","31","24","20","42","44","35","23","75","36","10","15","51","31","13","15","85","58","8","12","1379","133"
"1500000US550250117002","Block Group 2, Census Tract 117, Dane County, Wisconsin","2020","184","437","124","4","7","10","11","19","22","7","8","18","20","0","9","34","19","51","35","23","18","20","13","43","27","39","24","35","32","32","27","89","43","13","20","1583","120"
"1500000US550250118001","Block Group 1, Census Tract 118, Dane County, Wisconsin","3329","311","800","145","60","40","37","29","84","50","84","68","69","51","84","78","59","50","75","47","30","26","41","29","17","18","20","25","23","16","26","22","79","39","12","17","2529","246"
"1500000US550250118002","Block Group 2, Census Tract 118, Dane County, Wisconsin","1664","272","441","178","117","63","3","4","28","31","6","6","18","28","3","4","49","72","0","9","31","34","3","5","5","9","67","43","2","4","56","74","34","23","19","26","1223","150"
"1500000US550250118003","Block Group 3, Census Tract 118, Dane County, Wisconsin","975","225","250","106","17","14","20","24","18","19","25","18","2","4","9","10","20","25","16","15","23","30","13","17","25","27","12","14","35","28","4","6","7","7","4","6","725","141"
"1500000US550250119001","Block Group 1, Census Tract 119, Dane County, Wisconsin","2279","193","626","114","58","32","35","20","38","25","35","21","40","18","46","28","17","15","60","39","45","24","25","20","58","41","36","16","34","23","12","11","74","38","13","9","1653","118"
"1500000US550250119002","Block Group 2, Census Tract 119, Dane County, Wisconsin","2008","162","425","94","19","13","49","29","24","23","12","10","4","7","32","16","11","10","32","24","28","18","36","17","14","15","5","7","21","16","15","11","98","49","25","26","1583","148"
"1500000US550250119003","Block Group 3, Census Tract 119, Dane County, Wisconsin","900","128","194","64","6","6","6","6","9","7","3","4","12","14","16","10","7","7","16","16","0","9","5","7","38","23","0","9","16","9","6","6","40","24","14","10","706","90"
"1500000US550250119004","Block Group 4, Census Tract 119, Dane County, Wisconsin","1667","148","390","83","38","16","19","13","16","11","20","14","24","22","10","6","25","12","17","17","28","20","44","30","18","11","13","9","36","18","19","12","51","25","12","15","1277","123"
"1500000US550250120011","Block Group 1, Census Tract 120.01, Dane County, Wisconsin","2213","344","504","184","0","9","22","27","22","26","27","26","0","9","71","70","109","84","11","19","60","57","13","20","57","47","9","15","18","31","26","30","37","42","22","34","1709","239"
"1500000US550250120012","Block Group 2, Census Tract 120.01, Dane County, Wisconsin","1729","336","426","141","30","34","13","20","48","38","0","9","0","9","46","46","43","42","50","44","0","9","31","38","28","27","7","11","27","26","42","41","12","21","49","44","1303","290"
"1500000US550250120013","Block Group 3, Census Tract 120.01, Dane County, Wisconsin","4740","505","1517","258","97","58","95","72","123","71","91","59","110","71","82","68","159","97","62","48","50","42","89","50","153","86","27","34","95","75","73","39","175","107","36","56","3223","397"
"1500000US550250120021","Block Group 1, Census Tract 120.02, Dane County, Wisconsin","450","136","33","32","0","9","0","9","0","9","0","9","0","9","0","9","0","9","0","9","0","9","8","13","9","14","0","9","8","12","0","9","0","9","8","14","417","133"
"1500000US550250120022","Block Group 2, Census Tract 120.02, Dane County, Wisconsin","1089","217","213","93","0","9","22","22","22","26","20","24","0","9","29","26","22","24","0","9","12","18","0","9","0","9","0","9","10","16","8","12","42","39","26","30","876","184"
"1500000US550250120023","Block Group 3, Census Tract 120.02, Dane County, Wisconsin","667","158","145","92","0","9","0","9","0","9","0","9","0","9","0","9","0","9","19","21","27","31","0","9","18","22","10","15","26","25","26","24","19","22","0","9","522","116"
"1500000US550250120024","Block Group 4, Census Tract 120.02, Dane County, Wisconsin","1222","234","316","124","0","9","0","9","0","9","0","9","43","44","11","17","9","14","40","41","19","22","83","55","0","9","8","13","26","19","43","36","34","41","0","9","906","146"
"1500000US550250120025","Block Group 5, Census Tract 120.02, Dane County, Wisconsin","1461","246","292","122","11","20","45","50","43","52","0","9","9","14","27","32","0","9","0","9","10","16","19","24","0","9","44","33","8","13","15","17","52","45","9","14","1169","165"
"1500000US550250121001","Block Group 1, Census Tract 121, Dane County, Wisconsin","697","91","196","58","10","9","0","9","15","12","17","12","11","8","5","5","21","20","16","13","14","10","19","14","17","11","4","6","5","5","10","6","32","23","0","9","501","57"
"1500000US550250121002","Block Group 2, Census Tract 121, Dane County, Wisconsin","909","113","256","77","7","7","9","8","3","5","11","10","17","13","16","17","35","20","0","9","18","17","42","34","12","14","40","24","5","5","15","15","26","12","0","9","653","54"
"1500000US550250121003","Block Group 3, Census Tract 121, Dane County, Wisconsin","1109","120","206","62","15","18","18","19","19","17","6","6","3","4","6","6","16","10","15","13","4","5","4","6","3","4","18","19","10","8","14","12","29","15","26","18","903","87"
"1500000US550250122011","Block Group 1, Census Tract 122.01, Dane County, Wisconsin","654","96","134","47","6","8","10","11","5","9","7","10","0","9","11","12","0","9","0","9","0","9","11","12","8","9","6","8","16","11","10","11","20","19","24","21","520","83"
"1500000US550250122012","Block Group 2, Census Tract 122.01, Dane County, Wisconsin","1328","144","288","84","12","11","20","13","16","24","13","12","39","30","11","12","37","31","22","15","34","32","21","14","2","5","3","6","11","12","6","8","37","23","4","6","1040","122"
"1500000US550250122021","Block Group 1, Census Tract 122.02, Dane County, Wisconsin","1899","381","487","207","49","51","16","25","31","36","32","35","46","74","13","20","16","23","55","76","115","77","0","9","0","9","41","35","0","9","16","17","57","50","0","9","1412","219"
"1500000US550250122022","Block Group 2, Census Tract 122.02, Dane County, Wisconsin","948","194","161","111","0","9","25","31","0","9","17","28","0","9","31","35","16","27","0","9","0","9","0","9","20","30","0","9","0","9","0","9","52","65","0","9","787","139"
"1500000US550250122023","Block Group 3, Census Tract 122.02, Dane County, Wisconsin","854","223","276","140","0","9","38","42","0","9","16","26","0","9","0","9","0","9","10","17","10","16","48","36","18","28","0","9","10","19","39","41","76","82","11","18","578","143"
"1500000US550250122024","Block Group 4, Census Tract 122.02, Dane County, Wisconsin","2880","378","603","183","97","57","50","65","61","55","38","47","58","77","0","9","11","21","27","29","30","36","50","45","16","27","35","38","0","9","46","41","54","48","30","36","2277","332"
"1500000US550250123001","Block Group 1, Census Tract 123, Dane County, Wisconsin","2023","243","568","151","91","68","31","28","15","22","9","11","5","7","4","6","10","16","52","57","36","31","29","28","32","31","42","39","12","19","3","6","181","86","16","25","1455","175"
"1500000US550250123002","Block Group 2, Census Tract 123, Dane County, Wisconsin","1496","301","403","161","62","54","19","29","41","41","41","44","33","35","41","43","53","45","0","9","0","9","0","9","40","45","17","26","0","9","0","9","56","48","0","9","1093","209"
"1500000US550250123003","Block Group 3, Census Tract 123, Dane County, Wisconsin","509","127","30","29","0","9","0","9","0","9","0","9","5","8","0","9","3","6","4","8","0","9","3","5","5","8","0","9","0","9","4","8","3","5","3","5","479","122"
"1500000US550250123004","Block Group 4, Census Tract 123, Dane County, Wisconsin","1366","237","306","136","43","41","0","9","0","9","0","9","41","44","0","9","15","24","40","39","0","9","23","35","0","9","21","24","0","9","13","17","110","68","0","9","1060","182"
"1500000US550250124001","Block Group 1, Census Tract 124, Dane County, Wisconsin","2857","124","727","99","62","35","58","28","41","22","36","21","31","18","28","18","51","36","20","18","56","23","21","15","9","9","72","32","23","15","47","23","101","48","71","38","2130","119"
"1500000US550250124002","Block Group 2, Census Tract 124, Dane County, Wisconsin","2004","136","421","69","16","10","43","22","21","13","20","14","26","15","19","11","35","18","16","11","17","13","21","13","29","14","22","14","22","12","27","14","59","26","28","19","1583","107"
"1500000US550250125011","Block Group 1, Census Tract 125.01, Dane County, Wisconsin","2219","341","570","200","60","52","36","38","35","41","52","61","11","19","54","45","24","28","12","18","0","9","47","40","28","31","37","34","63","46","39","49","60","90","12","19","1649","233"
"1500000US550250125012","Block Group 2, Census Tract 125.01, Dane County, Wisconsin","1378","254","229","132","18","28","17","27","0","9","18","28","4","7","0","9","19","29","0","9","26","29","23","30","35","39","14","22","16","18","14","23","25","29","0","9","1149","186"
"1500000US550250125013","Block Group 3, Census Tract 125.01, Dane County, Wisconsin","565","145","78","55","19","30","0","9","0","9","0","9","0","9","0","9","14","23","0","9","0","9","0","9","0","9","0","9","13","21","0","9","32","35","0","9","487","128"
"1500000US550250125014","Block Group 4, Census Tract 125.01, Dane County, Wisconsin","1642","447","509","195","41","40","44","42","18","30","8","9","6","8","7","13","35","35","0","9","30","37","20","26","14","24","64","65","83","74","2","5","133","83","4","7","1133","334"
"1500000US550250125015","Block Group 5, Census Tract 125.01, Dane County, Wisconsin","758","162","121","90","0","9","0","9","0","9","0","9","0","9","0","9","15","22","13","23","12","18","15","22","14","22","13","21","12","19","12","19","0","9","15","22","637","127"
"1500000US550250125021","Block Group 1, Census Tract 125.02, Dane County, Wisconsin","1145","184","159","72","5","10","7","11","0","9","0","9","0","9","0","9","0","9","6","8","4","8","5","8","2","4","7","8","19","23","20","22","51","44","33","46","986","150"
"1500000US550250125022","Block Group 2, Census Tract 125.02, Dane County, Wisconsin","2572","259","906","179","71","37","102","56","85","40","64","41","74","41","71","51","56","43","71","35","53","34","69","52","23","16","38","28","17","18","41","22","54","33","17","19","1666","168"
"1500000US550250125023","Block Group 3, Census Tract 125.02, Dane County, Wisconsin","2104","226","504","123","48","28","0","9","19","22","25","24","34","28","23","25","39","28","20","22","29","20","79","41","37","26","10","14","24","23","7","11","91","46","19","20","1600","189"
"1500000US550250126001","Block Group 1, Census Tract 126, Dane County, Wisconsin","1454","156","364","91","25","17","4","5","27","18","35","18","9","7","24","21","17","11","21","16","6","6","16","13","33","16","27","17","16","10","10","9","70","28","24","17","1090","93"
"1500000US550250126002","Block Group 2, Census Tract 126, Dane County, Wisconsin","637","90","167","58","36","20","9","8","17","10","4","6","9","8","11","9","4","5","11","9","8","7","3","5","4","5","3","4","3","4","14","10","13","10","18","17","470","51"
"1500000US550250126003","Block Group 3, Census Tract 126, Dane County, Wisconsin","2395","169","545","87","33","23","20","22","36","19","33","17","31","18","30","18","44","30","53","28","39","19","9","9","40","19","36","19","42","24","26","23","54","33","19","15","1850","126"
"1500000US550250127001","Block Group 1, Census Tract 127, Dane County, Wisconsin","2264","113","458","61","38","20","24","10","29","13","22","8","25","10","25","11","34","15","20","8","47","22","24","15","12","7","41","15","14","7","34","16","60","19","9","6","1806","88"
"1500000US550250127002","Block Group 2, Census Tract 127, Dane County, Wisconsin","1715","130","379","63","21","11","11","7","11","7","36","23","16","9","19","11","23","14","32","19","23","10","23","12","35","18","7","6","26","12","32","13","39","17","25","16","1336","97"
"1500000US550250128001","Block Group 1, Census Tract 128, Dane County, Wisconsin","556","225","166","123","0","9","19","28","16","25","20","28","16","25","22","28","0","9","0","9","7","9","0","9","0","9","2","4","22","31","10","12","16","25","16","26","390","124"
"1500000US550250128002","Block Group 2, Census Tract 128, Dane County, Wisconsin","1092","254","418","144","35","36","10","16","58","45","32","38","57","36","28","31","36","34","9","16","44","35","0","9","19","22","0","9","21","34","15","22","37","40","17","27","674","175"
"1500000US550250128003","Block Group 3, Census Tract 128, Dane County, Wisconsin","3482","344","1146","300","15","23","68","50","123","121","13","21","135","105","92","77","26","25","96","54","73","54","118","99","32","35","139","88","37","42","55","65","89","66","35","38","2336","259"
"1500000US550250128004","Block Group 4, Census Tract 128, Dane County, Wisconsin","2723","327","820","217","25","23","45","38","64","47","87","73","4","6","64","50","73","62","97","65","0","9","75","52","57","59","37","27","50","37","22","31","67","57","53","52","1903","208"
"1500000US550250129001","Block Group 1, Census Tract 129, Dane County, Wisconsin","1155","110","239","44","22","19","22","14","14","10","2","4","26","16","0","9","27","19","10","8","13","10","10","8","19","17","19","11","12","9","7","5","32","22","4","5","916","88"
"1500000US550250129002","Block Group 2, Census Tract 129, Dane County, Wisconsin","1778","99","348","57","20","12","16","9","18","9","9","8","27","16","16","10","20","13","28","20","13","7","38","20","17","9","23","13","15","8","29","11","43","16","16","11","1430","83"
"1500000US550250129003","Block Group 3, Census Tract 129, Dane County, Wisconsin","1042","109","202","52","9","11","3","4","11","7","9","7","13","8","14","6","15","8","14","10","6","6","8","6","11","7","10","8","15","9","13","9","44","40","7","7","840","76"
"1500000US550250130001","Block Group 1, Census Tract 130, Dane County, Wisconsin","2591","270","622","152","38","39","64","55","48","39","38","35","31","31","41","35","82","44","45","36","24","26","28","24","7","12","51","31","35","28","47","27","43","36","0","9","1969","186"
"1500000US550250130002","Block Group 2, Census Tract 130, Dane County, Wisconsin","1998","251","495","136","23","23","20","26","10","16","16","19","30","30","28","29","82","45","29","23","51","39","60","35","7","8","26","26","53","41","7","11","29","27","24","24","1503","174"
"1500000US550250131001","Block Group 1, Census Tract 131, Dane County, Wisconsin","634","108","116","32","9","14","4","5","16","11","0","9","15","10","7","7","3","5","0","9","0","9","4","6","3","6","9","8","3","4","21","19","16","11","6","7","518","90"
"1500000US550250131002","Block Group 2, Census Tract 131, Dane County, Wisconsin","809","85","202","45","31","16","22","12","8","8","12","6","4","6","11","8","9","9","13","12","28","13","12","12","11","9","10","8","13","8","8","13","10","9","0","9","607","65"
"1500000US550250131003","Block Group 3, Census Tract 131, Dane County, Wisconsin","1427","133","341","69","24","13","8","7","11","6","69","42","22","12","13","9","36","17","16","17","10","8","12","9","23","11","7","6","35","20","22","19","26","22","7","7","1086","98"
"1500000US550250131004","Block Group 4, Census Tract 131, Dane County, Wisconsin","1775","113","322","52","32","14","5","6","39","21","12","10","10","8","11","9","6","6","6","6","7","7","25","19","5","5","24","14","24","20","18","10","61","21","37","18","1453","91"
"1500000US550250132001","Block Group 1, Census Tract 132, Dane County, Wisconsin","1920","204","322","80","15","12","11","11","20","13","23","12","11","8","16","9","41","25","17","12","28","14","26","14","24","13","27","15","15","10","12","10","34","16","2","5","1598","170"
"1500000US550250132002","Block Group 2, Census Tract 132, Dane County, Wisconsin","1634","170","420","89","14","11","12","10","11","9","37","32","15","10","21","20","17","11","35","15","34","27","39","26","16","11","28","22","22","13","35","23","77","45","7","8","1214","120"
"1500000US550250132003","Block Group 3, Census Tract 132, Dane County, Wisconsin","1933","302","409","185","15","23","13","20","14","21","24","24","47","54","15","24","60","55","20","28","0","9","71","58","0","9","35","36","48","53","12","18","19","27","16","24","1524","225"
"1500000US550250132004","Block Group 4, Census Tract 132, Dane County, Wisconsin","1650","297","282","115","28","31","0","9","85","62","12","18","14","21","25","26","10","16","14","20","28","30","0","9","0","9","0","9","15","22","0","9","51","38","0","9","1368","279"
"1500000US550250132005","Block Group 5, Census Tract 132, Dane County, Wisconsin","2342","322","560","163","16","24","59","59","72","54","39","34","76","64","38","34","38","42","31","33","17","24","0","9","26","28","14","23","31","32","22","23","66","37","15","21","1782","253"
"1500000US550250133011","Block Group 1, Census Tract 133.01, Dane County, Wisconsin","1413","179","334","102","16","20","17","18","0","9","29","24","19","18","0","9","17","19","20","18","25","29","8","13","40","23","42","36","19","22","19","21","58","32","5","10","1079","144"
"1500000US550250133012","Block Group 2, Census Tract 133.01, Dane County, Wisconsin","3438","262","1078","180","46","31","68","39","14","16","85","52","102","54","47","45","50","34","73","54","75","49","29","28","101","46","60","44","118","83","39","31","113","54","58","47","2360","213"
"1500000US550250133021","Block Group 1, Census Tract 133.02, Dane County, Wisconsin","381","124","85","70","4","6","0","9","0","9","11","18","0","9","5","8","0","9","0","9","10","18","0","9","5","7","2","4","0","9","10","9","38","60","0","9","296","110"
"1500000US550250133022","Block Group 2, Census Tract 133.02, Dane County, Wisconsin","2913","338","765","216","29","33","34","40","0","9","62","83","32","39","0","9","53","49","0","9","52","44","0","9","92","87","110","78","98","64","40","35","112","65","51","44","2148","247"
"1500000US550250133023","Block Group 3, Census Tract 133.02, Dane County, Wisconsin","2302","328","604","188","41","44","78","91","59","55","115","93","75","66","19","30","21","36","19","30","19","31","20","32","0","9","12","22","43","37","0","9","69","76","14","22","1698","210"
"1500000US550250137001","Block Group 1, Census Tract 137, Dane County, Wisconsin","4520","351","1484","275","122","55","79","69","75","64","118","55","108","61","61","45","81","65","17","20","137","77","23","24","120","71","88","66","119","96","82","55","211","129","43","36","3036","216"
"1500000US550250137002","Block Group 2, Census Tract 137, Dane County, Wisconsin","1539","247","333","121","57","47","41","32","35","37","0","9","7","9","0","9","4","8","3","4","13","20","5","7","14","23","23","25","15","25","19","26","68","71","29","33","1206","209"
"1500000US550259917020","Block Group 0, Census Tract 9917.02, Dane County, Wisconsin","0","9","0","9","0","9","0","9","0","9","0","9","0","9","0","9","0","9","0","9","0","9","0","9","0","9","0","9","0","9","0","9","0","9","0","9","0","9"
"1500000US550259917030","Block Group 0, Census Tract 9917.03, Dane County, Wisconsin","0","9","0","9","0","9","0","9","0","9","0","9","0","9","0","9","0","9","0","9","0","9","0","9","0","9","0","9","0","9","0","9","0","9","0","9","0","9"
